{"centers": [[0.08492534575127668, 0.08492657571409049], [0.7053906691925911, 0.13022074725038413], [0.7052542534295343, 0.38692425715166484], [0.2730944149315324, 0.5960424559684276], [0.29739066166496847, 0.381665717293942], [0.5044687577013272, 0.2753425065800255], [0.2976912785900781, 0.13325832539369448], [0.7283703052338706, 0.597635075434669], [0.8932097474949776, 0.27478328813255026], [0.10346731288246502, 0.48259524358610695], [0.915360563728979, 0.08463954135204378], [0.5966413562146634, 0.7424170947102542], [0.9042676151583225, 0.6832585822006733], [0.11115620597060179, 0.8888437963028395], [0.6868843076059599, 0.907608467077919], [0.7602895587140661, 0.7636736469882999], [0.10518281287628983, 0.27395248478667283], [0.8892209400381915, 0.8892210186512614], [0.09615144729564991, 0.6820799308446232], [0.3140570532085678, 0.9074078854327591], [0.2406477004514101, 0.762958823180339], [0.40478038814105444, 0.7420494354022069], [0.502716131654123, 0.07886035472214374], [0.5013320942408167, 0.5299633800368685], [0.896939672430696, 0.48460085562028055], [0.5005716741594683, 0.9060726917677375]], "radii": [0.08492596483294529, 0.13022111198853648, 0.1120771451201432, 0.10060075466609822, 0.11514927153304841, 0.1176300421856162, 0.13325861876623546, 0.0998984085435745, 0.10679050770064492, 0.10346755919834748, 0.08463974299762259, 0.09584250187785098, 0.09573260103692847, 0.11115650827741799, 0.09239173200438427, 0.06918085773352274, 0.1051828926621466, 0.11077923055468525, 0.09615163640648851, 0.0925923743869864, 0.06944042451514205, 0.09601921163335797, 0.07886059847650898, 0.1370105915362888, 0.10306060313049623, 0.0939275468025497], "sum_radii": 2.635988438567568}